positive,Fgf8,BMP
positive,Gata3,BMP
positive,Sostdc1,BMP
positive,Sp6,BMP
positive,Spry2,BMP
positive,Map2k1,BMP
positive,Msx1,BMP
negative,fgf3,BMP
negative,Igfbp3,BMP
negative,tbx1,BMP
negative,Inhbb,BMP
negative,Lhx8,BMP
negative,osr2,BMP
negative,pax9,BMP
negative,sfrp2,BMP
negative,ski,BMP
negative,timp3,BMP
positive,wif1,WNT
positive,tgif1,WNT
positive,smad2,WNT
positive,fgf3,WNT
positive,fgf8,WNT
positive,shh,WNT
positive,sostdc1,WNT
positive,sp6,WNT
positive,dkk1,WNT
positive,etv4,WNT
positive,Wnt10b,WNT
positive,Ptch2,WNT
positive,axin2,WNT
positive,msx1,WNT
positive,kremen1,WNT
positive,osr2,WNT
positive,sema3a,WNT
positive,tle4,WNT
positive,Wnt5b,WNT
negative,dlx1,WNT
negative,Gata3,WNT
negative,Igfbp3,WNT
negative,Kif3a,WNT
negative,Ncam1,WNT
negative,Gab1,WNT
negative,Inhbb,WNT
negative,Lhx8,WNT
negative,Meis2,WNT
negative,Sfrp2,WNT
negative,timp2,WNT
negative,timp3,WNT
