"","ID","Strain.x","Age","Weight.x","Clutch","shh_R2_spot","shh_M1_spot","shh_M2_spot","cap_transition","M1_spot_split_LR","shboob","Total_state","stateord","Symmetry","groupwt","nid","Age.dpc.","Date","Strain.y","Weight.y","Litter","Weekday","indata","age","poids","portee","agerel","poidscor","agecor","agepreditsanscor","poidscor2","agecor2","dev01","dev.inf","dev.sup","sd","dev05","dev15","ident"
"1","shh_13.5_02_154-165_DB","DUHi",13.5,159.5,"DB",2,0,0,0,0,1,"2_0_0_1","145_2_0_0_1","Y",145,"159.5DB",NA,NA,NA,NA,NA,NA,NA,NA,NA,NA,NA,NA,NA,NA,NA,NA,NA,NA,NA,NA,NA,NA,NA
"2","shh_14.0_02_128_DD","DUHi",14,128,"DD",2,0,0,0,0,0,"2_0_0_0","123_2_0_0_0","-",123,"128DD",NA,NA,NA,NA,NA,NA,NA,NA,NA,NA,NA,NA,NA,NA,NA,NA,NA,NA,NA,NA,NA,NA,NA
"3","shh_14.0_03_141_DD","DUHi",14,141,"DD",2,0,0,0,0,1,"2_0_0_1","145_2_0_0_1","Y",145,"141DD",NA,NA,NA,NA,NA,NA,NA,NA,NA,NA,NA,NA,NA,NA,NA,NA,NA,NA,NA,NA,NA,NA,NA
"4","shh_14.0_07_143_DR","DUHi",14,143,"DR",2,0,0,0,0,1,"2_0_0_1","145_2_0_0_1","Y",145,"143DR",NA,NA,NA,NA,NA,NA,NA,NA,NA,NA,NA,NA,NA,NA,NA,NA,NA,NA,NA,NA,NA,NA,NA
"5","shh_14.0_06_117_DR","DUHi",14,117,"DR",2,0,0,0,0,0,"2_0_0_0","123_2_0_0_0","-",123,"117DR",NA,NA,NA,NA,NA,NA,NA,NA,NA,NA,NA,NA,NA,NA,NA,NA,NA,NA,NA,NA,NA,NA,NA
"6","shh_14.0_09_140_DF","DUHi",14,140,"DF",2,0,0,0,0,0,"2_0_0_0","123_2_0_0_0","-",123,"140DF",NA,NA,NA,NA,NA,NA,NA,NA,NA,NA,NA,NA,NA,NA,NA,NA,NA,NA,NA,NA,NA,NA,NA
"7","shh_13.5_10_110_DZ","DUHi",13.5,110,"DZ",2,0,0,0,0,0,"2_0_0_0","123_2_0_0_0","-",123,"110DZ",NA,NA,NA,NA,NA,NA,NA,NA,NA,NA,NA,NA,NA,NA,NA,NA,NA,NA,NA,NA,NA,NA,NA
"8","shh_13.5_11_135_DZ","DUHi",13.5,135,"DZ",2,0,0,0,0,0,"2_0_0_0","123_2_0_0_0","-",123,"135DZ",NA,NA,NA,NA,NA,NA,NA,NA,NA,NA,NA,NA,NA,NA,NA,NA,NA,NA,NA,NA,NA,NA,NA
"9","shh_14.0_22_141_DAA","DUHi",14,141,"DAA",2,0,0,0,0,0,"2_0_0_0","123_2_0_0_0","Y",123,"141DAA",NA,NA,NA,NA,NA,NA,NA,NA,NA,NA,NA,NA,NA,NA,NA,NA,NA,NA,NA,NA,NA,NA,NA
"10","shh_13.5_12_156_DZ","DUHi",13.5,156,"DZ",2,0,0,0,0,0,"2_0_0_0","123_2_0_0_0","Y",123,"156DZ",NA,NA,NA,NA,NA,NA,NA,NA,NA,NA,NA,NA,NA,NA,NA,NA,NA,NA,NA,NA,NA,NA,NA
"11","shh_14.0_23_142_DAA","DUHi",14,142,"DAA",2,0,0,0,0,0,"2_0_0_0","123_2_0_0_0","-",123,"142DAA",NA,NA,NA,NA,NA,NA,NA,NA,NA,NA,NA,NA,NA,NA,NA,NA,NA,NA,NA,NA,NA,NA,NA
"12","shh_13.5_01_124_FA","FVB",13.5,124,"FA",2,0,0,0,0,0,"2_0_0_0","123_2_0_0_0","-",123,"124FA",13.5,"7/17/2014","FVB",124,"FA",5,TRUE,13.5,4.82028156560504,"FA",-1.5,4.81557628760185,13.3690726135197,13.3792488353592,4.81825829606367,13.3748730599682,13.3810164184477,12.9434439592902,13.78178425299,"001",13.372721196118,13.3739557371256,11
"13","shh_13.5_10_105_FK","FVB",13.5,105,"FK",2,0,0,0,0,0,"2_0_0_0","123_2_0_0_0","Y",123,"105FK",13.5,"12/10/2014","FVB",105,"FK",4,TRUE,13.5,4.65396035015752,"FK",-1.5,4.96383685652918,13.6897194357532,13.0195418034147,4.78720724789734,13.3077181853203,13.1485230685354,12.6777632638912,13.5705288235198,"001",13.0497577576851,13.6096359905839,24
"14","shh_14.0_07_130_FJ","FVB",14,130,"FJ",2,0,0,0,0,0,"2_0_0_0","123_2_0_0_0","-",123,"130FJ",14,"12/8/2014","FVB",130,"FJ",2,TRUE,14,4.86753445045558,"FJ",-1,5.00520558202987,13.7791886079519,13.4814438254251,4.92673303703253,13.6094740819116,13.5428571466073,13.098090139261,13.9523929174654,"001",13.4896868208095,13.744934375905,103
"15","shh_13.5_11_88_FK","FVB",13.5,88,"FK",2,0,0,0,0,0,"2_0_0_0","123_2_0_0_0","-",123,"88FK",13.5,"12/10/2014","FVB",88,"FK",4,TRUE,13.5,4.47733681447821,"FK",-1.5,4.78721332084986,13.3077313194458,12.6375536871074,4.61058371221802,12.9257300690129,12.7657744688901,12.271075656088,13.2025474776131,"001",12.6681316707576,13.2294951543455,19
"16","shh_13.5_13_126_FK","FVB",13.5,126,"FK",2,0,0,0,0,0,"2_0_0_0","123_2_0_0_0","-",123,"126FK",NA,NA,NA,NA,NA,NA,NA,NA,NA,NA,NA,NA,NA,NA,NA,NA,NA,NA,NA,NA,NA,NA,NA
"17","shh_14.0_17_161_DR","DUHi",14,161,"DR",1,0,0,0,0,1,"1_0_0_1","179_1_0_0_1","Y",179,"161DR",NA,NA,NA,NA,NA,NA,NA,NA,NA,NA,NA,NA,NA,NA,NA,NA,NA,NA,NA,NA,NA,NA,NA
"18","shh_15.0_06_221_DK","DUHi",15,221,"DK",1,2,0,2,0,1,"1_2_2_1","235_1_2_2_1","-",235,"221DK",NA,NA,NA,NA,NA,NA,NA,NA,NA,NA,NA,NA,NA,NA,NA,NA,NA,NA,NA,NA,NA,NA,NA
"19","shh_14.5_14_163_DH","DUHi",14.5,163,"DH",1,0,0,0,0,1,"1_0_0_1","179_1_0_0_1","-",179,"163DH",NA,NA,NA,NA,NA,NA,NA,NA,NA,NA,NA,NA,NA,NA,NA,NA,NA,NA,NA,NA,NA,NA,NA
"20","shh_14.0_24_177_DAA","DUHi",14,177,"DAA",1,0,0,0,0,1,"1_0_0_1","179_1_0_0_1","Y",179,"177DAA",NA,NA,NA,NA,NA,NA,NA,NA,NA,NA,NA,NA,NA,NA,NA,NA,NA,NA,NA,NA,NA,NA,NA
"21","shh_15.0_10_242_DK","DUHi",15,242,"DK",0,2,0,1,1,1,"0_2_1_1","227_0_2_1_1","-",227,"242DK",NA,NA,NA,NA,NA,NA,NA,NA,NA,NA,NA,NA,NA,NA,NA,NA,NA,NA,NA,NA,NA,NA,NA
"22","shh_14.5_17_237-241_DH","DUHi",14.5,239,"DH",0,2,0,1,0,1,"0_2_1_1","227_0_2_1_1","Y",227,"239DH",NA,NA,NA,NA,NA,NA,NA,NA,NA,NA,NA,NA,NA,NA,NA,NA,NA,NA,NA,NA,NA,NA,NA
"23","shh_14.5_10_161_FR","FVB",14.5,161,"FR",1,0,0,0,0,1,"1_0_0_1","179_1_0_0_1","Y",179,"161FR",14.5,"3/4/2015","FVB",161,"FR",4,TRUE,14.5,5.08140436498446,"FR",-0.5,5.21787786854864,14.239140254858,13.9439856122344,5.14008797151706,14.0709021085626,13.9997462439673,13.5750582594033,14.4056637213951,"001",13.9546267605957,14.2071658363808,181
"24","shh_14.5_02_228_DG","DUHi",14.5,228,"DG",1,2,0,2,0,1,"1_2_2_1","235_1_2_2_1","-",235,"228DG",NA,NA,NA,NA,NA,NA,NA,NA,NA,NA,NA,NA,NA,NA,NA,NA,NA,NA,NA,NA,NA,NA,NA
"25","shh_16.0_04_404_FE","FVB",16,404,"FE",0,2,1,2,2,1,"0_2_2_1","325_0_2_2_1","-",325,"404FE",NA,NA,NA,NA,NA,NA,NA,NA,NA,NA,NA,NA,NA,NA,NA,NA,NA,NA,NA,NA,NA,NA,NA
"26","shh_15.0_07_234_DK","DUHi",15,234,"DK",1,2,0,2,0,1,"1_2_2_1","235_1_2_2_1","-",235,"234DK",NA,NA,NA,NA,NA,NA,NA,NA,NA,NA,NA,NA,NA,NA,NA,NA,NA,NA,NA,NA,NA,NA,NA
"27","shh_16.5_01_246_DW","DUHi",16.5,246,"DW",1,2,0,2,0,1,"1_2_2_1","235_1_2_2_1","Y",235,"246DW",NA,NA,NA,NA,NA,NA,NA,NA,NA,NA,NA,NA,NA,NA,NA,NA,NA,NA,NA,NA,NA,NA,NA
"28","shh_13.5_01_101-104_DB","DUHi",13.5,102.5,"DB",2,0,0,0,0,0,"2_0_0_0","123_2_0_0_0","-",123,"102.5DB",NA,NA,NA,NA,NA,NA,NA,NA,NA,NA,NA,NA,NA,NA,NA,NA,NA,NA,NA,NA,NA,NA,NA
"29","shh_15.0_02_265_DK","DUHi",15,265,"DK",0,2,0,2,1,1,"0_2_2_1","325_0_2_2_1","Y",325,"265DK",NA,NA,NA,NA,NA,NA,NA,NA,NA,NA,NA,NA,NA,NA,NA,NA,NA,NA,NA,NA,NA,NA,NA
"30","shh_15.0_03_294_DK","DUHi",15,294,"DK",0,2,0,2,1,1,"0_2_2_1","325_0_2_2_1","Y",325,"294DK",NA,NA,NA,NA,NA,NA,NA,NA,NA,NA,NA,NA,NA,NA,NA,NA,NA,NA,NA,NA,NA,NA,NA
"31","shh_14.5_08_221_FL","FVB",14.5,221,"FL",0,2,0,2,0,1,"0_2_2_1","325_0_2_2_1","Y",325,"221FL",14.5,"12/11/2014","FVB",221,"FL",5,TRUE,14.5,5.39816270151775,"FL",-0.5,5.40269400122337,14.6388467045794,14.629046749934,5.40011116039117,14.6332607304315,14.638639396884,14.2278381783004,15.0343839176771,"001",14.6242325644258,14.6397977066538,151
"32","shh_15.0_08_294_DK","DUHi",15,294,"DK",0,2,0,2,0,1,"0_2_2_1","325_0_2_2_1","-",325,"294DK",NA,NA,NA,NA,NA,NA,NA,NA,NA,NA,NA,NA,NA,NA,NA,NA,NA,NA,NA,NA,NA,NA,NA
"33","shh_16.0_03_437_FE","FVB",16,437,"FE",0,2,0,2,2,1,"0_2_2_1","325_0_2_2_1","-",325,"437FE",NA,NA,NA,NA,NA,NA,NA,NA,NA,NA,NA,NA,NA,NA,NA,NA,NA,NA,NA,NA,NA,NA,NA
"34","shh_15.0_05_256_FD","FVB",15,256,"FD",0,2,0,2,1,1,"0_2_2_1","325_0_2_2_1","-",325,"256FD",15,"7/24/2014","FVB",256,"FD",5,TRUE,15,5.54517744447956,"FD",0,5.50593111588365,14.8621201817546,14.9469991933465,5.52830152318332,14.910501218362,14.9335710539563,14.5313503011266,15.3255567685555,"001",14.9339637442606,14.8694257438098,263
"35","shh_15.5_01_359_DN","DUHi",15.5,359,"DN",0,2,0,2,0,1,"0_2_2_1","325_0_2_2_1","-",325,"359DN",NA,NA,NA,NA,NA,NA,NA,NA,NA,NA,NA,NA,NA,NA,NA,NA,NA,NA,NA,NA,NA,NA,NA
"36","shh_15.5_02_426_DN","DUHi",15.5,426,"DN",0,2,0,2,1,1,"0_2_2_1","325_0_2_2_1","-",325,"426DN",NA,NA,NA,NA,NA,NA,NA,NA,NA,NA,NA,NA,NA,NA,NA,NA,NA,NA,NA,NA,NA,NA,NA
"37","shh_15.5_03_442_DN","DUHi",15.5,442,"DN",0,2,0,2,1,1,"0_2_2_1","325_0_2_2_1","-",325,"442DN",NA,NA,NA,NA,NA,NA,NA,NA,NA,NA,NA,NA,NA,NA,NA,NA,NA,NA,NA,NA,NA,NA,NA
"38","shh_15.5_04_457_DN","DUHi",15.5,457,"DN",0,2,0,2,1,1,"0_2_2_1","325_0_2_2_1","-",325,"457DN",NA,NA,NA,NA,NA,NA,NA,NA,NA,NA,NA,NA,NA,NA,NA,NA,NA,NA,NA,NA,NA,NA,NA
"39","shh_15.5_05_483_DM","DUHi",15.5,483,"DM",0,2,0,2,2,1,"0_2_2_1","325_0_2_2_1","Y",325,"483DM",NA,NA,NA,NA,NA,NA,NA,NA,NA,NA,NA,NA,NA,NA,NA,NA,NA,NA,NA,NA,NA,NA,NA
"40","shh_15.5_07_290_DV","DUHi",15.5,290,"DV",0,2,0,2,0,1,"0_2_2_1","325_0_2_2_1","y",325,"290DV",NA,NA,NA,NA,NA,NA,NA,NA,NA,NA,NA,NA,NA,NA,NA,NA,NA,NA,NA,NA,NA,NA,NA
"41","shh_15.5_08_363_DV","DUHi",15.5,363,"DV",0,2,0,2,1,1,"0_2_2_1","325_0_2_2_1","Y",325,"363DV",NA,NA,NA,NA,NA,NA,NA,NA,NA,NA,NA,NA,NA,NA,NA,NA,NA,NA,NA,NA,NA,NA,NA
"42","shh_15.5_09_457_DV","DUHi",15.5,457,"DV",0,2,0,2,2,1,"0_2_2_1","325_0_2_2_1","-",325,"457DV",NA,NA,NA,NA,NA,NA,NA,NA,NA,NA,NA,NA,NA,NA,NA,NA,NA,NA,NA,NA,NA,NA,NA
"43","shh_16.0_01_455_DO","DUHi",16,455,"DO",0,2,0,2,2,1,"0_2_2_1","325_0_2_2_1","Y",325,"455DO",NA,NA,NA,NA,NA,NA,NA,NA,NA,NA,NA,NA,NA,NA,NA,NA,NA,NA,NA,NA,NA,NA,NA
"44","shh_16.0_04_424_DO","DUHi",16,424,"DO",0,2,1,2,2,1,"0_2_2_1","325_0_2_2_1","-",325,"424DO",NA,NA,NA,NA,NA,NA,NA,NA,NA,NA,NA,NA,NA,NA,NA,NA,NA,NA,NA,NA,NA,NA,NA
"45","shh_16.0_05_476_DO","DUHi",16,476,"DO",0,2,1,2,2,1,"0_2_2_1","325_0_2_2_1","Y",325,"476DO",NA,NA,NA,NA,NA,NA,NA,NA,NA,NA,NA,NA,NA,NA,NA,NA,NA,NA,NA,NA,NA,NA,NA
"46","shh_16.0_06_481_DO","DUHi",16,481,"DO",0,2,1,2,2,1,"0_2_2_1","325_0_2_2_1","-",325,"481DO",NA,NA,NA,NA,NA,NA,NA,NA,NA,NA,NA,NA,NA,NA,NA,NA,NA,NA,NA,NA,NA,NA,NA
"47","shh_16.5_02_271_DW","DUHi",16.5,271,"DW",0,2,0,2,0,1,"0_2_2_1","325_0_2_2_1","-",325,"271DW",NA,NA,NA,NA,NA,NA,NA,NA,NA,NA,NA,NA,NA,NA,NA,NA,NA,NA,NA,NA,NA,NA,NA
"48","shh_15.5_10_380_DJ","DUHi",15.5,380,"DJ",0,2,0,2,1,1,"0_2_2_1","325_0_2_2_1","Y",325,"380DJ",NA,NA,NA,NA,NA,NA,NA,NA,NA,NA,NA,NA,NA,NA,NA,NA,NA,NA,NA,NA,NA,NA,NA
"49","shh_16.0_07_452_DO","DUHi",16,452,"DO",0,2,0,2,2,1,"0_2_2_1","325_0_2_2_1","-",325,"452DO",NA,NA,NA,NA,NA,NA,NA,NA,NA,NA,NA,NA,NA,NA,NA,NA,NA,NA,NA,NA,NA,NA,NA
"50","shh_14.5_13_211-216_DH","DUHi",14.5,213.5,"DH",1,0,0,0,0,1,"1_0_0_1","179_1_0_0_1","-",179,"213.5DH",NA,NA,NA,NA,NA,NA,NA,NA,NA,NA,NA,NA,NA,NA,NA,NA,NA,NA,NA,NA,NA,NA,NA
"51","shh_15.0_11_262_DK","DUHi",15,262,"DK",0,2,0,2,1,1,"0_2_2_1","325_0_2_2_1","-",325,"262DK",NA,NA,NA,NA,NA,NA,NA,NA,NA,NA,NA,NA,NA,NA,NA,NA,NA,NA,NA,NA,NA,NA,NA
"52","shh_14.5_18_237-241_DH","DUHi",14.5,239,"DH",0,2,0,1,0,1,"0_2_1_1","227_0_2_1_1","-",227,"239DH",NA,NA,NA,NA,NA,NA,NA,NA,NA,NA,NA,NA,NA,NA,NA,NA,NA,NA,NA,NA,NA,NA,NA
"53","shh_16.0_08_456_DO","DUHi",16,456,"DO",0,2,0,2,2,1,"0_2_2_1","325_0_2_2_1","-",325,"456DO",NA,NA,NA,NA,NA,NA,NA,NA,NA,NA,NA,NA,NA,NA,NA,NA,NA,NA,NA,NA,NA,NA,NA
"54","shh_15.0_12_293_DK","DUHi",15,293,"DK",0,2,0,2,1,1,"0_2_2_1","325_0_2_2_1","Y",325,"293DK",NA,NA,NA,NA,NA,NA,NA,NA,NA,NA,NA,NA,NA,NA,NA,NA,NA,NA,NA,NA,NA,NA,NA
"55","shh_14.5_06_287_DP","DUHi",14.5,287,"DP",0,2,0,2,0,1,"0_2_2_1","325_0_2_2_1","-",325,"287DP",NA,NA,NA,NA,NA,NA,NA,NA,NA,NA,NA,NA,NA,NA,NA,NA,NA,NA,NA,NA,NA,NA,NA
"56","shh_15.5_11_340_DV","DUHi",15.5,340,"DV",0,2,0,2,1,1,"0_2_2_1","325_0_2_2_1","-",325,"340DV",NA,NA,NA,NA,NA,NA,NA,NA,NA,NA,NA,NA,NA,NA,NA,NA,NA,NA,NA,NA,NA,NA,NA
"57","shh_15.5_12_355_DV","DUHi",15.5,355,"DV",0,2,0,2,1,1,"0_2_2_1","325_0_2_2_1","-",325,"355DV",NA,NA,NA,NA,NA,NA,NA,NA,NA,NA,NA,NA,NA,NA,NA,NA,NA,NA,NA,NA,NA,NA,NA
"58","shh_15.5_13_369_DU","DUHi",15.5,369,"DU",0,2,0,2,1,1,"0_2_2_1","325_0_2_2_1","-",325,"369DU",NA,NA,NA,NA,NA,NA,NA,NA,NA,NA,NA,NA,NA,NA,NA,NA,NA,NA,NA,NA,NA,NA,NA
"59","shh_15.5_14_371_DU","DUHi",15.5,371,"DU",0,2,0,2,2,1,"0_2_2_1","325_0_2_2_1","-",325,"371DU",NA,NA,NA,NA,NA,NA,NA,NA,NA,NA,NA,NA,NA,NA,NA,NA,NA,NA,NA,NA,NA,NA,NA
"60","shh_14.5_19_331_DP","DUHi",14.5,331,"DP",0,2,0,2,1,1,"0_2_2_1","325_0_2_2_1","-",325,"331DP",NA,NA,NA,NA,NA,NA,NA,NA,NA,NA,NA,NA,NA,NA,NA,NA,NA,NA,NA,NA,NA,NA,NA
"61","shh_14.5_12_196-199_DH","DUHi",14.5,197.5,"DH",1,1,0,1,0,1,"1_1_1_1","202_1_1_1_1","-",202,"197.5DH",NA,NA,NA,NA,NA,NA,NA,NA,NA,NA,NA,NA,NA,NA,NA,NA,NA,NA,NA,NA,NA,NA,NA
"62","shh_14.0_05_220_DE","DUHi",14,220,"DE",1,1,0,1,0,1,"1_1_1_1","202_1_1_1_1","-",202,"220DE",NA,NA,NA,NA,NA,NA,NA,NA,NA,NA,NA,NA,NA,NA,NA,NA,NA,NA,NA,NA,NA,NA,NA
"63","shh_14.5_10_238_DI","DUHi",14.5,238,"DI",1,1,0,1,0,1,"1_1_1_1","202_1_1_1_1","-",202,"238DI",NA,NA,NA,NA,NA,NA,NA,NA,NA,NA,NA,NA,NA,NA,NA,NA,NA,NA,NA,NA,NA,NA,NA
"64","shh_14.5_15_209-216_DG","DUHi",14.5,212.5,"DG",1,1,0,1,0,1,"1_1_1_1","202_1_1_1_1","Y",202,"212.5DG",NA,NA,NA,NA,NA,NA,NA,NA,NA,NA,NA,NA,NA,NA,NA,NA,NA,NA,NA,NA,NA,NA,NA
"65","shh_14.5_16_209-216_DG","DUHi",14.5,212.5,"DG",1,1,0,1,0,1,"1_1_1_1","202_1_1_1_1","Y",202,"212.5DG",NA,NA,NA,NA,NA,NA,NA,NA,NA,NA,NA,NA,NA,NA,NA,NA,NA,NA,NA,NA,NA,NA,NA
"66","shh_13.5_03_123-130_DB","DUHi",13.5,126.5,"DB",2,0,0,0,0,0,"2_0_0_0","123_2_0_0_0","-",123,"126.5DB",NA,NA,NA,NA,NA,NA,NA,NA,NA,NA,NA,NA,NA,NA,NA,NA,NA,NA,NA,NA,NA,NA,NA
"67","shh_15.0_06_259_FD","FVB",15,259,"FD",0,2,0,2,1,1,"0_2_2_1","325_0_2_2_1","Y",325,"259FD",15,"7/24/2014","FVB",259,"FD",5,TRUE,15,5.55682806169954,"FD",0,5.51758173310363,14.8873172615693,14.9721962731612,5.5399521404033,14.9356982981767,14.9587667389082,14.5565388838269,15.3505832324066,"001",14.9592677865409,14.8944425132931,264
"68","shh_15.0_06_259_FD","FVB",15,259,"FD",0,2,0,2,1,1,"0_2_2_1","325_0_2_2_1","Y",325,"259FD",15,"7/24/2014","FVB",259,"FD",5,TRUE,15,5.55682806169954,"FD",0,5.51758173310363,14.8873172615693,14.9721962731612,5.5399521404033,14.9356982981767,14.9587667389082,14.5565388838269,15.3505832324066,"001",14.9592677865409,14.8944425132931,265
"69","shh_15.0_07_285_FD","FVB",15,285,"FD",0,2,0,2,1,1,"0_2_2_1","325_0_2_2_1","Y",325,"285FD",15,"7/24/2014","FVB",285,"FD",5,TRUE,15,5.65248918026865,"FD",0,5.61324285167274,15.0942059434515,15.1790849550434,5.63561325897241,15.1425869800589,15.1659197646251,14.7666206919381,15.562071445991,"001",15.1659952731438,15.1006848319176,268
"70","shh_15.0_07_285_FD","FVB",15,285,"FD",0,2,0,2,1,1,"0_2_2_1","325_0_2_2_1","Y",325,"285FD",15,"7/24/2014","FVB",285,"FD",5,TRUE,15,5.65248918026865,"FD",0,5.61324285167274,15.0942059434515,15.1790849550434,5.63561325897241,15.1425869800589,15.1659197646251,14.7666206919381,15.562071445991,"001",15.1659952731438,15.1006848319176,269
"71","shh_14.5_09_246_FL","FVB",14.5,246,"FL",0,2,0,2,0,1,"0_2_2_1","325_0_2_2_1","Y",325,"246FL",14.5,"12/11/2014","FVB",246,"FL",5,TRUE,14.5,5.50533153593236,"FL",-0.5,5.50986283563798,14.8706234099174,14.860823455272,5.50727999480578,14.8650374357695,14.8708370797207,14.4614521332709,15.2688674505415,"001",14.8557139536992,14.8707335373545,153
"72","shh_15.0_08_259_FD","FVB",15,259,"FD",0,2,0,2,0,1,"0_2_2_1","325_0_2_2_1","y",325,"259FD",15,"7/24/2014","FVB",259,"FD",5,TRUE,15,5.55682806169954,"FD",0,5.51758173310363,14.8873172615693,14.9721962731612,5.5399521404033,14.9356982981767,14.9587667389082,14.5565388838269,15.3505832324066,"001",14.9592677865409,14.8944425132931,264
"73","shh_15.0_08_259_FD","FVB",15,259,"FD",0,2,0,2,0,1,"0_2_2_1","325_0_2_2_1","y",325,"259FD",15,"7/24/2014","FVB",259,"FD",5,TRUE,15,5.55682806169954,"FD",0,5.51758173310363,14.8873172615693,14.9721962731612,5.5399521404033,14.9356982981767,14.9587667389082,14.5565388838269,15.3505832324066,"001",14.9592677865409,14.8944425132931,265
"74","shh_14.5_20_343_DP","DUHi",14.5,343,"DP",0,2,0,2,1,1,"0_2_2_1","325_0_2_2_1","-",325,"343DP",NA,NA,NA,NA,NA,NA,NA,NA,NA,NA,NA,NA,NA,NA,NA,NA,NA,NA,NA,NA,NA,NA,NA
"75","shh_15.0_15_285_DK","DUHi",15,285,"DK",0,2,0,2,0,1,"0_2_2_1","325_0_2_2_1","Y",325,"285DK",NA,NA,NA,NA,NA,NA,NA,NA,NA,NA,NA,NA,NA,NA,NA,NA,NA,NA,NA,NA,NA,NA,NA
"76","shh_14.5_07_367_DP","DUHi",14.5,367,"DP",0,2,0,2,2,1,"0_2_2_1","325_0_2_2_1","-",325,"367DP",NA,NA,NA,NA,NA,NA,NA,NA,NA,NA,NA,NA,NA,NA,NA,NA,NA,NA,NA,NA,NA,NA,NA
"77","shh_14.5_11_263_DI","DUHi",14.5,263,"DI",0,2,0,2,0,1,"0_2_2_1","325_0_2_2_1","Y",325,"263DI",NA,NA,NA,NA,NA,NA,NA,NA,NA,NA,NA,NA,NA,NA,NA,NA,NA,NA,NA,NA,NA,NA,NA
"78","shh_15.5_15_399_DN","DUHi",15.5,399,"DN",0,2,0,2,2,1,"0_2_2_1","325_0_2_2_1","Y",325,"399DN",NA,NA,NA,NA,NA,NA,NA,NA,NA,NA,NA,NA,NA,NA,NA,NA,NA,NA,NA,NA,NA,NA,NA
"79","shh_15.5_16_427_DN","DUHi",15.5,427,"DN",0,2,0,2,2,1,"0_2_2_1","325_0_2_2_1","y",325,"427DN",NA,NA,NA,NA,NA,NA,NA,NA,NA,NA,NA,NA,NA,NA,NA,NA,NA,NA,NA,NA,NA,NA,NA
"80","shh_15.0_01_234_FD","FVB",15,234,"FD",0,2,0,2,0,1,"0_2_2_1","325_0_2_2_1","Y",325,"234FD",NA,NA,NA,NA,NA,NA,NA,NA,NA,NA,NA,NA,NA,NA,NA,NA,NA,NA,NA,NA,NA,NA,NA
"81","shh_15.0_02_246_FD","FVB",15,246,"FD",0,2,0,2,0,1,"0_2_2_1","325_0_2_2_1","Y",325,"246FD",NA,NA,NA,NA,NA,NA,NA,NA,NA,NA,NA,NA,NA,NA,NA,NA,NA,NA,NA,NA,NA,NA,NA
"82","shh_15.0_03_273_FD","FVB",15,273,"FD",0,2,0,2,0,1,"0_2_2_1","325_0_2_2_1","y",325,"273FD",15,"7/24/2014","FVB",273,"FD",5,TRUE,15,5.60947179518496,"FD",0,5.57022546658905,15.0011711741418,15.0860501857338,5.59259587388872,15.0495522107492,15.0731823510475,14.6713144273539,15.4662775986996,"001",15.0730374179898,15.0080743005174,266
"83","shh_14.5_04_255-256_DG","DUHi",14.5,255.5,"DG",1,2,0,1,0,1,"1_2_1_1","227_1_2_1_1","-",227,"255.5DG",NA,NA,NA,NA,NA,NA,NA,NA,NA,NA,NA,NA,NA,NA,NA,NA,NA,NA,NA,NA,NA,NA,NA
"84","shh_15.0_04_217-218_DJ","DUHi",15,217.5,"DJ",1,2,0,1,0,1,"1_2_1_1","227_1_2_1_1","-",227,"217.5DJ",NA,NA,NA,NA,NA,NA,NA,NA,NA,NA,NA,NA,NA,NA,NA,NA,NA,NA,NA,NA,NA,NA,NA
"85","shh_15.5_06_244_DV","DUHi",15.5,244,"DV",1,2,0,2,0,1,"1_2_2_1","235_1_2_2_1","y",235,"244DV",NA,NA,NA,NA,NA,NA,NA,NA,NA,NA,NA,NA,NA,NA,NA,NA,NA,NA,NA,NA,NA,NA,NA
"86","shh_16.0_02_402_FE","FVB",16,402,"FE",0,2,0,2,2,1,"0_2_2_1","325_0_2_2_1","Y",325,"402FE",NA,NA,NA,NA,NA,NA,NA,NA,NA,NA,NA,NA,NA,NA,NA,NA,NA,NA,NA,NA,NA,NA,NA
"87","shh_13.5_04_111-117_DB","DUHi",13.5,114,"DB",2,0,0,0,0,0,"2_0_0_0","123_2_0_0_0","-",123,"114DB",NA,NA,NA,NA,NA,NA,NA,NA,NA,NA,NA,NA,NA,NA,NA,NA,NA,NA,NA,NA,NA,NA,NA
"88","shh_14.0_08_169_DR","DUHi",14,169,"DR",2,0,0,0,0,1,"2_0_0_1","145_2_0_0_1","Y",145,"169DR",NA,NA,NA,NA,NA,NA,NA,NA,NA,NA,NA,NA,NA,NA,NA,NA,NA,NA,NA,NA,NA,NA,NA
"89","shh_14.0_10_143_DF","DUHi",14,143,"DF",2,0,0,0,0,1,"2_0_0_1","145_2_0_0_1","Y",145,"143DF",NA,NA,NA,NA,NA,NA,NA,NA,NA,NA,NA,NA,NA,NA,NA,NA,NA,NA,NA,NA,NA,NA,NA
"90","shh_14.0_13_113_DU","DUHi",14,113,"DU",2,0,0,0,0,0,"2_0_0_0","123_2_0_0_0","-",123,"113DU",NA,NA,NA,NA,NA,NA,NA,NA,NA,NA,NA,NA,NA,NA,NA,NA,NA,NA,NA,NA,NA,NA,NA
"91","shh_14.0_14_125_DU","DUHi",14,125,"DU",2,0,0,0,0,0,"2_0_0_0","123_2_0_0_0","Y",123,"125DU",NA,NA,NA,NA,NA,NA,NA,NA,NA,NA,NA,NA,NA,NA,NA,NA,NA,NA,NA,NA,NA,NA,NA
"92","shh_14.0_19_139_DF","DUHi",14,139,"DF",2,0,0,0,0,0,"2_0_0_0","123_2_0_0_0","-",123,"139DF",NA,NA,NA,NA,NA,NA,NA,NA,NA,NA,NA,NA,NA,NA,NA,NA,NA,NA,NA,NA,NA,NA,NA
"93","shh_14.0_11_157_DF","DUHi",14,157,"DF",2,0,0,0,0,1,"2_0_0_1","145_2_0_0_1","Y",145,"157DF",NA,NA,NA,NA,NA,NA,NA,NA,NA,NA,NA,NA,NA,NA,NA,NA,NA,NA,NA,NA,NA,NA,NA
"94","shh_14.0_16_144_DR","DUHi",14,144,"DR",2,0,0,0,0,1,"2_0_0_1","145_2_0_0_1","-",145,"144DR",NA,NA,NA,NA,NA,NA,NA,NA,NA,NA,NA,NA,NA,NA,NA,NA,NA,NA,NA,NA,NA,NA,NA
"95","shh_13.5_02_127_FA","FVB",13.5,127,"FA",2,0,0,0,0,0,"2_0_0_0","123_2_0_0_0","Y",123,"127FA",13.5,"7/17/2014","FVB",127,"FA",5,TRUE,13.5,4.84418708645859,"FA",-1.5,4.8394818084554,13.420773678415,13.4309499002545,4.84216381691722,13.4265741248635,13.4327331502143,12.9983277158974,13.833290385881,"001",13.4245352271253,13.4252591247798,13
"96","shh_13.5_04_125_FA","FVB",13.5,125,"FA",2,0,0,0,0,0,"2_0_0_0","123_2_0_0_0","Y",123,"125FA",13.5,"7/17/2014","FVB",125,"FA",5,TRUE,13.5,4.8283137373023,"FA",-1.5,4.82360845929911,13.386443991149,13.3966202129884,4.82629046776093,13.3922444375975,13.398419582478,12.9621398454848,13.7993139570602,"001",13.3900600056426,13.3910984384137,12
"97","shh_14.0_21_105_DF","DUHi",14,105,"DF",2,0,0,0,0,0,"2_0_0_0","123_2_0_0_0","Y",123,"105DF",NA,NA,NA,NA,NA,NA,NA,NA,NA,NA,NA,NA,NA,NA,NA,NA,NA,NA,NA,NA,NA,NA,NA
"98","shh_13.5_06_109_FI","FVB",13.5,109,"FI",2,0,0,0,0,0,"2_0_0_0","123_2_0_0_0","-",123,"109FI",13.5,"10/17/2014","FVB",109,"FI",6,TRUE,13.5,4.69134788222914,"FI",-1.5,4.85891797127139,13.462808751452,13.100400749503,4.76340302051731,13.2562361903411,13.1760832646118,12.7212319257584,13.5925675801828,"001",13.1157982047798,13.4272197027412,375
"99","shh_13.5_05_67_DQ","DUHi",13.5,67,"DQ",0,0,0,0,0,0,"0_0_0_0","097_0_0_0_0","Y",97,"67DQ",NA,NA,NA,NA,NA,NA,NA,NA,NA,NA,NA,NA,NA,NA,NA,NA,NA,NA,NA,NA,NA,NA,NA
"100","shh_13.5_06_101_DQ","DUHi",13.5,101,"DQ",0,0,0,0,0,0,"0_0_0_0","097_0_0_0_0","Y",97,"101DQ",NA,NA,NA,NA,NA,NA,NA,NA,NA,NA,NA,NA,NA,NA,NA,NA,NA,NA,NA,NA,NA,NA,NA
"101","shh_15.0_09_186_DJ","DUHi",15,186,"DJ",1,1,0,1,0,1,"1_1_1_1","202_1_1_1_1","-",202,"186DJ",NA,NA,NA,NA,NA,NA,NA,NA,NA,NA,NA,NA,NA,NA,NA,NA,NA,NA,NA,NA,NA,NA,NA
"102","shh_15.0_14_203_DAB","DUHi",15,203,"DAB",1,1,0,1,0,1,"1_1_1_1","202_1_1_1_1","Y",202,"203DAB",NA,NA,NA,NA,NA,NA,NA,NA,NA,NA,NA,NA,NA,NA,NA,NA,NA,NA,NA,NA,NA,NA,NA
"103","shh_15.0_01_219_DK","DUHi",15,219,"DK",1,2,0,2,1,1,"1_2_2_1","235_1_2_2_1","Y",235,"219DK",NA,NA,NA,NA,NA,NA,NA,NA,NA,NA,NA,NA,NA,NA,NA,NA,NA,NA,NA,NA,NA,NA,NA
"104","shh_14.5_01_178_FC","FVB",14.5,178,"FC",0,1,0,1,0,1,"0_1_1_1","199_0_1_1_1","-",199,"178FC",14.5,"4/23/2014","FVB",178,"FC",4,TRUE,14.5,5.18178355029209,"FC",-0.5,5.21660752850993,14.2363928588409,14.1610781744722,5.19675786092576,14.1934634887507,14.1796824409913,13.766077388625,14.5721945872329,"001",14.1571450475751,14.2327700389615,138
"105","shh_14.5_02_193-197_FC","FVB",14.5,195,"FC",0,1,0,1,0,1,"0_1_1_1","199_0_1_1_1","-",199,"195FC",NA,NA,NA,NA,NA,NA,NA,NA,NA,NA,NA,NA,NA,NA,NA,NA,NA,NA,NA,NA,NA,NA,NA
"106","shh_14.0_11_195_FP","FVB",14,195,"FP",0,1,0,1,0,1,"0_1_1_1","199_0_1_1_1","-",199,"195FP",14.5,"2/25/2015","FVB",195,"FP",4,TRUE,14.5,5.27299955856375,"FP",-0.5,5.29494297558144,14.405810879785,14.3583533056871,5.28243522788136,14.3787600625492,14.3723431478372,13.9605169589499,14.7761698704198,"001",14.3539350766361,14.3976698500943,161
"107","shh_14.0_12_199_FP","FVB",14,199,"FP",0,1,0,1,0,1,"0_1_1_1","199_0_1_1_1","-",199,"199FP",14.5,"2/25/2015","FVB",199,"FP",4,TRUE,14.5,5.29330482472449,"FP",-0.5,5.31524824174219,14.4497255842553,14.4022680101574,5.3027404940421,14.4226747670195,14.4163806464915,14.0056350752073,14.8207899143852,"001",14.3977432689131,14.4413582789153,165
"108","shh_14.5_13_215_FP","FVB",14.5,215,"FP",0,1,0,1,0,1,"0_1_1_1","199_0_1_1_1","-",199,"215FP",14.5,"2/25/2015","FVB",215,"FP",4,TRUE,14.5,5.37063802812766,"FP",-0.5,5.39258144514536,14.6169760278747,14.5695184537768,5.38007369744527,14.5899252106389,14.583894058805,14.1767184674546,14.9883925960309,"001",14.5648889413607,14.6083112642999,169
"109","shh_14.5_03_199-207_FC","FVB",14.5,203,"FC",0,1,0,1,0,1,"0_1_1_1","199_0_1_1_1","-",199,"203FC",NA,NA,NA,NA,NA,NA,NA,NA,NA,NA,NA,NA,NA,NA,NA,NA,NA,NA,NA,NA,NA,NA,NA
"110","shh_14.5_04_199-207_FC","FVB",14.5,203,"FC",0,2,0,2,0,1,"0_2_2_1","325_0_2_2_1","-",325,"203FC",NA,NA,NA,NA,NA,NA,NA,NA,NA,NA,NA,NA,NA,NA,NA,NA,NA,NA,NA,NA,NA,NA,NA
"111","shh_14.5_05_199-207_FC","FVB",14.5,203,"FC",0,2,0,2,0,1,"0_2_2_1","325_0_2_2_1","-",325,"203FC",NA,NA,NA,NA,NA,NA,NA,NA,NA,NA,NA,NA,NA,NA,NA,NA,NA,NA,NA,NA,NA,NA,NA
"112","shh_15.0_05_245_DJ","DUHi",15,245,"DJ",0,2,0,1,0,1,"0_2_1_1","227_0_2_1_1","-",227,"245DJ",NA,NA,NA,NA,NA,NA,NA,NA,NA,NA,NA,NA,NA,NA,NA,NA,NA,NA,NA,NA,NA,NA,NA
"113","shh_13.5_07_72_DC","DUHi",13.5,72,"DC",0,0,0,0,0,0,"0_0_0_0","097_0_0_0_0","-",97,"72DC",NA,NA,NA,NA,NA,NA,NA,NA,NA,NA,NA,NA,NA,NA,NA,NA,NA,NA,NA,NA,NA,NA,NA
"114","shh_13.5_05_67_DQ","DUHi",13.5,67,"DQ",0,0,0,0,0,0,"0_0_0_0","097_0_0_0_0","Y",97,"67DQ",NA,NA,NA,NA,NA,NA,NA,NA,NA,NA,NA,NA,NA,NA,NA,NA,NA,NA,NA,NA,NA,NA,NA
"115","shh_13.5_08_111_DC","DUHi",13.5,111,"DC",0,0,0,0,0,0,"0_0_0_0","097_0_0_0_0","Y",97,"111DC",NA,NA,NA,NA,NA,NA,NA,NA,NA,NA,NA,NA,NA,NA,NA,NA,NA,NA,NA,NA,NA,NA,NA
"116","shh_14.0_10_159_FJ","FVB",14,159,"FJ",0,0,0,0,0,1,"0_0_0_1","162_0_0_0_1","-",162,"159FJ",14,"12/8/2014","FVB",159,"FJ",2,TRUE,14,5.06890420222023,"FJ",-1,5.20657533379452,14.214695981655,13.9169511991282,5.12810278879718,14.0449814556147,13.9793858024861,13.5509893119666,14.3806031538824,"001",13.9246239790118,14.1799695421649,108
"117","shh_14.5_11_163_FR","FVB",14.5,163,"FR",0,0,0,0,0,1,"0_0_0_1","162_0_0_0_1","-",162,"163FR",14.5,"3/4/2015","FVB",163,"FR",4,TRUE,14.5,5.09375020080676,"FR",-0.5,5.23022370437094,14.2658409012462,13.9706862586226,5.15243380733936,14.0976027549507,14.0264470781724,13.6034040314859,14.4315577950722,"001",13.9813875308202,14.233724207529,183
"118","shh_14.0_05_171-178_FB","FVB",14,174.5,"FB",0,1,0,1,0,1,"0_1_1_1","199_0_1_1_1","Y",199,"174.5FB",NA,NA,NA,NA,NA,NA,NA,NA,NA,NA,NA,NA,NA,NA,NA,NA,NA,NA,NA,NA,NA,NA,NA
"119","shh_13.5_09_99_DZ","DUHi",13.5,99,"DZ",0,0,0,0,0,0,"0_0_0_0","097_0_0_0_0","Y",97,"99DZ",NA,NA,NA,NA,NA,NA,NA,NA,NA,NA,NA,NA,NA,NA,NA,NA,NA,NA,NA,NA,NA,NA,NA
"120","shh_14.0_12_91_DU","DUHi",14,91,"DU",0,0,0,0,0,0,"0_0_0_0","097_0_0_0_0","Y",97,"91DU",NA,NA,NA,NA,NA,NA,NA,NA,NA,NA,NA,NA,NA,NA,NA,NA,NA,NA,NA,NA,NA,NA,NA
"121","shh_14.0_18_94_DU","DUHi",14,94,"DU",0,0,0,0,0,0,"0_0_0_0","097_0_0_0_0","-",97,"94DU",NA,NA,NA,NA,NA,NA,NA,NA,NA,NA,NA,NA,NA,NA,NA,NA,NA,NA,NA,NA,NA,NA,NA
"122","shh_14.0_20_142_DU","DUHi",14,142,"DU",0,0,0,0,0,0,"0_0_0_0","097_0_0_0_0","Y",97,"142DU",NA,NA,NA,NA,NA,NA,NA,NA,NA,NA,NA,NA,NA,NA,NA,NA,NA,NA,NA,NA,NA,NA,NA
"123","shh_13.5_07_88_FK","FVB",13.5,88,"FK",0,0,0,0,0,0,"0_0_0_0","097_0_0_0_0","Y",97,"88FK",13.5,"12/10/2014","FVB",88,"FK",4,TRUE,13.5,4.47733681447821,"FK",-1.5,4.78721332084986,13.3077313194458,12.6375536871074,4.61058371221802,12.9257300690129,12.7657744688901,12.271075656088,13.2025474776131,"001",12.6681316707576,13.2294951543455,19
"124","shh_14.5_05_187_DP","DUHi",14.5,187,"DP",1,0,0,0,0,1,"1_0_0_1","179_1_0_0_1","Y",179,"187DP",NA,NA,NA,NA,NA,NA,NA,NA,NA,NA,NA,NA,NA,NA,NA,NA,NA,NA,NA,NA,NA,NA,NA
"125","shh_13.5_03_143_FA","FVB",13.5,143,"FA",0,0,0,0,0,1,"0_0_0_1","162_0_0_0_1","-",162,"143FA",13.5,"7/17/2014","FVB",143,"FA",5,TRUE,13.5,4.96284463025991,"FA",-1.5,4.95813935225672,13.6773973014673,13.6875735233067,4.96082136071854,13.6831977479158,13.6891312904333,13.2693057656479,14.0897930212839,"001",13.6810631966498,13.6819572719172,16
"126","shh_14.0_01_163-167_FB","FVB",14,165,"FB",0,0,0,0,0,1,"0_0_0_1","162_0_0_0_1","Y",162,"165FB",14,"5/6/2014","FVB",165,"FB",3,TRUE,14,5.10594547390058,"FB",-1,5.0867210741143,13.9554841913884,13.9970612792507,5.09767898199248,13.9791831314699,13.998817804723,13.5823618178414,14.4033685455731,"001",13.9922980742168,13.9567319969983,100
"127","shh_14.0_02_171-178_FB","FVB",14,174.5,"FB",0,0,0,0,0,1,"0_0_0_1","162_0_0_0_1","Y",162,"174.5FB",NA,NA,NA,NA,NA,NA,NA,NA,NA,NA,NA,NA,NA,NA,NA,NA,NA,NA,NA,NA,NA,NA,NA
"128","shh_14.0_03_163-167_FB","FVB",14,165,"FB",0,0,0,0,0,1,"0_0_0_1","162_0_0_0_1","Y",162,"165FB",14,"5/6/2014","FVB",165,"FB",3,TRUE,14,5.10594547390058,"FB",-1,5.0867210741143,13.9554841913884,13.9970612792507,5.09767898199248,13.9791831314699,13.998817804723,13.5823618178414,14.4033685455731,"001",13.9922980742168,13.9567319969983,100
"129","shh_14.0_04_163-167_FB","FVB",14,165,"FB",1,0,0,0,0,1,"1_0_0_1","179_1_0_0_1","-",179,"165FB",14,"5/6/2014","FVB",165,"FB",3,TRUE,14,5.10594547390058,"FB",-1,5.0867210741143,13.9554841913884,13.9970612792507,5.09767898199248,13.9791831314699,13.998817804723,13.5823618178414,14.4033685455731,"001",13.9922980742168,13.9567319969983,100
"130","shh_14.0_06_171-178_FB","FVB",14,174.5,"FB",0,0,0,0,0,1,"0_0_0_1","162_0_0_0_1","Y",162,"174.5FB",NA,NA,NA,NA,NA,NA,NA,NA,NA,NA,NA,NA,NA,NA,NA,NA,NA,NA,NA,NA,NA,NA,NA
"131","shh_14.0_08_141_FJ","FVB",14,141,"FJ",0,0,0,0,0,1,"0_0_0_1","162_0_0_0_1","Y",162,"141FJ",14,"12/8/2014","FVB",141,"FJ",2,TRUE,14,4.94875989037817,"FJ",-1,5.08643102195246,13.9548568883593,13.6571121058325,5.00795847695511,13.785142362319,13.7184025311469,13.2804246756952,14.125082665199,"001",13.6650459810169,13.9203451526648,105
"132","shh_14.0_09_148_FJ","FVB",14,148,"FJ",0,0,0,0,0,1,"0_0_0_1","162_0_0_0_1","Y",162,"148FJ",14,"12/8/2014","FVB",148,"FJ",2,TRUE,14,4.99721227376411,"FJ",-1,5.1348834053384,14.0596460637601,13.7619012812332,5.05641086034106,13.8899315377198,13.8237322917641,13.3895491400623,14.2282076768034,"001",13.7696131212577,14.0247459147053,106
"133","shh_14.5_21_186_DAD","DUHi",14.5,186,"DAD",1,0,0,0,0,1,"1_0_0_1","179_1_0_0_1","y",179,"186DAD",NA,NA,NA,NA,NA,NA,NA,NA,NA,NA,NA,NA,NA,NA,NA,NA,NA,NA,NA,NA,NA,NA,NA
"134","shh_14.5_22_191_DAD","DUHi",14.5,191,"DAD",1,0,0,0,0,1,"1_0_0_1","179_1_0_0_1","y",179,"191DAD",NA,NA,NA,NA,NA,NA,NA,NA,NA,NA,NA,NA,NA,NA,NA,NA,NA,NA,NA,NA,NA,NA,NA
"135","shh_14.5_23_217_DAD","DUHi",14.5,217,"DAD",1,0,0,0,0,1,"1_0_0_1","179_1_0_0_1","-",179,"217DAD",NA,NA,NA,NA,NA,NA,NA,NA,NA,NA,NA,NA,NA,NA,NA,NA,NA,NA,NA,NA,NA,NA,NA
"136","shh_15.5_17_353_DAC","DUHi",15.5,353,"DAC",0,2,0,2,1,1,"0_2_2_1","325_0_2_2_1","y",325,"353DAC",NA,NA,NA,NA,NA,NA,NA,NA,NA,NA,NA,NA,NA,NA,NA,NA,NA,NA,NA,NA,NA,NA,NA
"137","shh_13.5_13_107_DZ","DUHi",13.5,107,"DZ",2,0,0,0,0,0,"2_0_0_0","123_2_0_0_0","y",123,"107DZ",NA,NA,NA,NA,NA,NA,NA,NA,NA,NA,NA,NA,NA,NA,NA,NA,NA,NA,NA,NA,NA,NA,NA
"138","shh_14.0_26_126_DAA","DUHi",14,126,"DAA",2,0,0,0,0,0,"2_0_0_0","123_2_0_0_0","y",123,"126DAA",NA,NA,NA,NA,NA,NA,NA,NA,NA,NA,NA,NA,NA,NA,NA,NA,NA,NA,NA,NA,NA,NA,NA
"139","shh_15.5_18_257_DAC","DUHi",15.5,257,"DAC",0,2,0,2,1,1,"0_2_2_1","325_0_2_2_1","y",325,"257DAC",NA,NA,NA,NA,NA,NA,NA,NA,NA,NA,NA,NA,NA,NA,NA,NA,NA,NA,NA,NA,NA,NA,NA
"140","shh_13.0_01_90_FX","FVB",13,90,"FX",0,0,0,0,0,0,"0_0_0_0","097_0_0_0_0","y",97,"90FX",13,"5/12/2015","FVB",90,"FX",3,TRUE,13,4.49980967033027,"FX",-2,4.57510286582909,12.8489947595029,12.6861562917487,4.53218574439476,12.756176832883,12.7135177661869,12.2513680340069,13.1460378183533,"001",12.686840828128,12.8381666052103,4
"141","shh_14.5_06_218_FZ","FVB",14.5,218,"FZ",0,2,0,1,0,1,"0_2_1_1","227_0_2_1_1","y",227,"218FZ",14.5,"5/13/2015","FVB",218,"FZ",4,TRUE,14.5,5.38449506278909,"FZ",-0.5,5.40467496813683,14.6431309910242,14.5994874075041,5.39317242208862,14.6182541484177,14.6197626828941,14.2062569987608,15.0153266201139,"001",14.5941985835146,14.6367836627945,215
"142","shh_14.5_14_190_FZ","FVB",14.5,190,"FZ",0,2,0,1,0,1,"0_2_1_1","227_0_2_1_1","y",227,"190FZ",14.5,"5/13/2015","FVB",190,"FZ",4,TRUE,14.5,5.24702407216049,"FZ",-0.5,5.26720397750823,14.3458190583016,14.3021754747814,5.25570143146001,14.3209422156951,14.3218846954781,13.9042938507268,14.7159806278167,"001",14.2975328997616,14.3399669796852,208
"143","shh_14.5_16_310_FW","FVB",14.5,310,"FW",0,2,0,2,1,1,"0_2_2_1","325_0_2_2_1","-",325,"310FW",14.5,"5/12/2015","FVB",310,"FW",3,TRUE,14.5,5.73657229747919,"FW",-0.5,5.30003327473579,14.4168197964502,15.3609336052416,5.54886051769953,14.9549646674613,15.1729295169137,14.7771752491215,15.5975387879994,"001",15.3071180241766,14.5373752688276,198
"144","shh_14.5_17_325_FW","FVB",14.5,325,"FW",0,2,0,2,1,1,"0_2_2_1","325_0_2_2_1","-",325,"325FW",14.5,"5/12/2015","FVB",325,"FW",3,TRUE,14.5,5.78382518232974,"FW",-0.5,5.34728615958633,14.5190147865161,15.4631285953074,5.59611340255007,15.0571596575272,15.2751685646648,14.8809429881185,15.7037546020529,"001",15.4092738657554,14.6391327880481,201
"145","shh_14.5_18_340_FW","FVB",14.5,340,"FW",0,2,0,2,1,1,"0_2_2_1","325_0_2_2_1","-",325,"340FW",14.5,"5/12/2015","FVB",340,"FW",3,TRUE,14.5,5.82894561761021,"FW",-0.5,5.3924065948668,14.6165978748257,15.5607116836171,5.64123383783054,15.1547427458368,15.3723629820861,14.9773870713766,15.8051388373923,"001",15.5068227885036,14.7365605278768,204
"146","shh_14.5_19_349_FW","FVB",14.5,349,"FW",0,2,0,2,2,1,"0_2_2_1","325_0_2_2_1","-",325,"349FW",14.5,"5/12/2015","FVB",349,"FW",3,TRUE,14.5,5.85507192220243,"FW",-0.5,5.41853289945902,14.6731018839821,15.6172156927734,5.66736014242276,15.2112467549931,15.4287772431978,15.0329618834179,15.8632500820992,"001",15.5632195029274,14.7928213486695,206
"147","shh_14.5_20_332_FS","FVB",14.5,332,"FS",0,2,0,2,1,1,"0_2_2_1","325_0_2_2_1","y",325,"332FS",14.5,"4/28/2015","FVB",332,"FS",3,TRUE,14.5,5.80513496891649,"FS",-0.5,5.28880165410678,14.3925288909904,15.509215801103,5.58311164354831,15.0290404297546,15.2852971566179,14.8784496801299,15.7253821069952,"001",15.4459976468764,14.5333078759921,189
"148","shh_14.5_21_344_FS","FVB",14.5,344,"FS",0,2,0,2,1,1,"0_2_2_1","325_0_2_2_1","y",325,"344FS",14.5,"4/28/2015","FVB",344,"FS",3,TRUE,14.5,5.8406416573734,"FS",-0.5,5.32430834256369,14.469320089784,15.5860069998965,5.61861833200522,15.1058316285481,15.3627542785584,14.9539086983479,15.8053998010591,"001",15.5229266711074,14.6102162251529,191
"149","shh_14.5_22_353_FS","FVB",14.5,353,"FS",0,2,0,2,2,1,"0_2_2_1","325_0_2_2_1","y",325,"353FS",14.5,"4/28/2015","FVB",353,"FS",3,TRUE,14.5,5.8664680569333,"FS",-0.5,5.35013474212359,14.5251754868631,15.6418623969756,5.64444473156512,15.1616870256272,15.4189206566058,15.0098371016821,15.8630935808182,"001",15.578559591534,14.6656378771984,192
"150","shh_14.5_24_359_FS","FVB",14.5,359,"FS",0,2,0,2,2,1,"0_2_2_1","325_0_2_2_1","y",325,"359FS",14.5,"4/28/2015","FVB",359,"FS",3,TRUE,14.5,5.88332238848828,"FS",-0.5,5.36698907367857,14.5616267691769,15.6783136792894,5.6612990631201,15.198138307941,15.4555943805263,15.0462197688721,15.9015093048798,"001",15.6149400748641,14.701906303621,194
"151","shh_14.5_25_373_FS","FVB",14.5,373,"FS",0,2,0,2,2,1,"0_2_2_1","325_0_2_2_1","-",325,"373FS",14.5,"4/28/2015","FVB",373,"FS",3,TRUE,14.5,5.92157841964382,"FS",-0.5,5.40524510483411,14.6443640398486,15.7610509499611,5.69955509427564,15.2808755786128,15.5385906557578,15.1279715315118,15.9885840387483,"001",15.6975810632011,14.7845741378683,196
"152","shh_15.0_10_151_FAA","FVB",15,151,"FAA",0,0,0,0,0,1,"0_0_0_1","162_0_0_0_1","-",162,"151FAA",15,"5/27/2015","FVB",151,"FAA",4,TRUE,15,5.01727983681492,"FAA",0,5.13065266420932,14.0504961346282,13.8053018992719,5.06603015259451,13.9107354204751,13.8543112457751,13.4149617706435,14.2653006658399,"001",13.8121717954434,14.0211651614163,217
"153","shh_15.0_11_229_FAA","FVB",15,229,"FAA",0,2,0,1,0,1,"0_2_1_1","227_0_2_1_1","-",227,"229FAA",15,"5/27/2015","FVB",229,"FAA",4,TRUE,15,5.43372200355424,"FAA",0,5.54709483094864,14.9511459727818,14.7059517374255,5.48247231933383,14.8113852586287,14.7576334250397,14.348178707418,15.1590775444831,"001",14.7111691780651,14.9232661199584,218
"154","shh_15.0_13_241_FAA","FVB",15,241,"FAA",0,2,0,2,0,1,"0_2_2_1","325_0_2_2_1","-",325,"241FAA",15,"5/27/2015","FVB",241,"FAA",4,TRUE,15,5.48479693349065,"FAA",0,5.59816976088505,15.0616069948755,14.8164127595192,5.53354724927024,14.9218462807224,14.8683366593239,14.4610137072215,15.2713637144757,"001",14.8215659401066,15.0337342430857,220
"155","shh_15.0_14_248_FAA","FVB",15,248,"FAA",0,2,0,2,1,1,"0_2_2_1","325_0_2_2_1","y",325,"248FAA",15,"5/27/2015","FVB",248,"FAA",4,TRUE,15,5.51342874616498,"FAA",0,5.62680157355938,15.1235297287166,14.8783354933602,5.56217906194457,14.9837690145635,14.930565101484,14.5235861403241,15.334194914178,"001",14.8832680393516,15.095379844331,221
"156","shh_15.0_15_249_FAA","FVB",15,249,"FAA",0,2,0,2,1,1,"0_2_2_1","325_0_2_2_1","y",325,"249FAA",15,"5/27/2015","FVB",249,"FAA",4,TRUE,15,5.51745289646471,"FAA",0,5.6308257238591,15.1322328587203,14.8870386233639,5.5662032122443,14.9924721445672,14.9393135668406,14.5324218790377,15.3431311081012,"001",14.8919990107659,15.103910052717,222
"157","shh_15.0_16_257_FAA","FVB",15,257,"FAA",0,2,0,2,1,1,"0_2_2_1","325_0_2_2_1","-",325,"257FAA",15,"5/27/2015","FVB",257,"FAA",4,TRUE,15,5.54907608489522,"FAA",0,5.66244891228962,15.2006251153566,14.9554308800003,5.59782640067481,15.0608644012035,15.0082968104427,14.6011118833177,15.412382754594,"001",14.9603165867793,15.1719320599781,223
"158","shh_15.0_17_258_FAA","FVB",15,258,"FAA",0,2,0,2,1,1,"0_2_2_1","325_0_2_2_1","-",325,"258FAA",15,"5/27/2015","FVB",258,"FAA",4,TRUE,15,5.55295958492162,"FAA",0,5.66633241231601,15.2090240575138,14.9638298221575,5.60170990070121,15.0692633433607,15.0167637071907,14.6099189056384,15.4211690503897,"001",14.9687989347802,15.1802740700026,224
"159","shh_14.5_26_290_FW","FVB",14.5,290,"FW",0,2,0,2,1,1,"0_2_2_1","325_0_2_2_1","y",325,"290FW",14.5,"5/12/2015","FVB",290,"FW",3,TRUE,14.5,5.66988092298052,"FW",-0.5,5.23334190023711,14.2725847010496,15.216698509841,5.48216914320086,14.8107295720607,15.0289683303259,14.633788798435,15.4481464418879,"001",15.1625759777125,14.393810686086,197
"160","shh_13.5_14_89_DC","DUHi",13.5,89,"DC",0,0,0,0,0,0,"0_0_0_0","097_0_0_0_0","-",97,"89DC",NA,NA,NA,NA,NA,NA,NA,NA,NA,NA,NA,NA,NA,NA,NA,NA,NA,NA,NA,NA,NA,NA,NA
"161","shh_13.5_16_95_DC","DUHi",13.5,95,"DC",0,0,0,0,0,0,"0_0_0_0","097_0_0_0_0","-",97,"95DC",NA,NA,NA,NA,NA,NA,NA,NA,NA,NA,NA,NA,NA,NA,NA,NA,NA,NA,NA,NA,NA,NA,NA
"162","shh_13.5_17_154-165_DB","DUHi",13.5,159.5,"DB",2,0,0,0,0,1,"2_0_0_1","145_2_0_0_1","-",145,"159.5DB",NA,NA,NA,NA,NA,NA,NA,NA,NA,NA,NA,NA,NA,NA,NA,NA,NA,NA,NA,NA,NA,NA,NA
"163","shh_14.5_24_178_DI","DUHi",14.5,178,"DI",1,0,0,0,0,1,"1_0_0_1","179_1_0_0_1","-",179,"178DI",NA,NA,NA,NA,NA,NA,NA,NA,NA,NA,NA,NA,NA,NA,NA,NA,NA,NA,NA,NA,NA,NA,NA
"164","shh_14.0_27_237_DG","DUHi",14,237,"DG",1,1,0,1,0,1,"1_1_1_1","202_1_1_1_1","y",202,"237DG",NA,NA,NA,NA,NA,NA,NA,NA,NA,NA,NA,NA,NA,NA,NA,NA,NA,NA,NA,NA,NA,NA,NA
"165","shh_14.5_25_236_DAF","DUHi",14.5,236,"DAF",1,1,0,1,0,1,"1_1_1_1","202_1_1_1_1","-",202,"236DAF",NA,NA,NA,NA,NA,NA,NA,NA,NA,NA,NA,NA,NA,NA,NA,NA,NA,NA,NA,NA,NA,NA,NA
"166","shh_14.5_28_223_DAF","DUHi",14.5,223,"DAF",1,1,0,1,0,1,"1_1_1_1","202_1_1_1_1","-",202,"223DAF",NA,NA,NA,NA,NA,NA,NA,NA,NA,NA,NA,NA,NA,NA,NA,NA,NA,NA,NA,NA,NA,NA,NA
"167","shh_13.0_03_86_FX","FVB",13,86,"FX",0,0,0,0,0,0,"0_0_0_0","097_0_0_0_0","y",97,"86FX",13,"5/12/2015","FVB",86,"FX",3,TRUE,13,4.45434729625351,"FX",-2,4.52964049175233,12.7506721516486,12.5878336838944,4.486723370318,12.6578542250287,12.6150774903372,12.1452840604176,13.0526051620279,"001",12.5883069395948,12.7399317648973,2
"168","shh_13.0_04_87_FX","FVB",13,87,"FX",0,0,0,0,0,0,"0_0_0_0","097_0_0_0_0","-",97,"87FX",13,"5/12/2015","FVB",87,"FX",3,TRUE,13,4.46590811865458,"FX",-2,4.54120131415341,12.7756750299738,12.6128365622196,4.49828419271908,12.6828571033539,12.640305077673,12.172243529264,13.076537794088,"001",12.6133019045711,12.7648569407661,3
"169","shh_13.0_05_91_FX","FVB",13,91,"FX",0,0,0,0,0,0,"0_0_0_0","097_0_0_0_0","-",97,"91FX",13,"5/12/2015","FVB",91,"FX",3,TRUE,13,4.51085950651685,"FX",-2,4.58615270201567,12.8728925152249,12.7100540474707,4.54323558058134,12.780074588605,12.7374775377064,12.2766530900248,13.16835900255,"001",12.7106665695135,12.8619537377647,5
"170","shh_13.0_06_102_FX","FVB",13,102,"FX",0,0,0,0,0,0,"0_0_0_0","097_0_0_0_0","-",97,"102FX",13,"5/12/2015","FVB",102,"FX",3,TRUE,13,4.62497281328427,"FX",-2,4.70026600878309,13.1196882037499,12.9568497359957,4.65734888734876,13.02687027713,12.9846870219465,12.5392333161127,13.4061546759927,"001",12.9574692954757,13.1085593474417,7
"171","shh_13.0_07_108_FX","FVB",13,108,"FX",0,0,0,0,0,0,"0_0_0_0","097_0_0_0_0","-",97,"108FX",13,"5/12/2015","FVB",108,"FX",3,TRUE,13,4.68213122712422,"FX",-2,4.75742442262304,13.2433061278836,13.0804676601294,4.71450730118871,13.1504882012637,13.1088896440573,12.6699210585222,13.5273992855516,"001",13.0814671711787,13.2321870091925,9
"172","shh_13.5_14_112_FV","FVB",13.5,112,"FV",2,0,0,0,0,0,"2_0_0_0","123_2_0_0_0","y",123,"112FV",13.5,"4/30/2015","FVB",112,"FV",5,TRUE,13.5,4.71849887129509,"FV",-1.5,4.74455609483251,13.2154754751123,13.1591208692724,4.72970347741618,13.1833533497836,13.1703075012864,12.7212645206345,13.5760786505118,"001",13.1553006677485,13.2069599470709,46
"173","shh_13.5_15_132_FV","FVB",13.5,132,"FV",0,0,0,0,0,0,"0_0_0_0","097_0_0_0_0","-",97,"132FV",13.5,"4/30/2015","FVB",132,"FV",5,TRUE,13.5,4.88280192258637,"FV",-1.5,4.90885914612379,13.5708177732093,13.5144631673694,4.89400652870746,13.5386956478806,13.5269172172447,13.094051586303,13.9249712339264,"001",13.5114410079669,13.5611463011663,50
"174","shh_13.5_17_137_FV","FVB",13.5,137,"FV",0,0,0,0,0,1,"0_0_0_1","162_0_0_0_1","-",162,"137FV",13.5,"4/30/2015","FVB",137,"FV",5,TRUE,13.5,4.91998092582813,"FV",-1.5,4.94603814936554,13.6512257288075,13.5948711229676,4.93118553194921,13.6191036034788,13.6072939370347,13.176315773756,14.0051217094495,"001",13.5920114423559,13.6413429009229,52
"175","shh_13.5_20_127_FV","FVB",13.5,127,"FV",0,0,0,0,0,0,"0_0_0_0","097_0_0_0_0","-",97,"127FV",13.5,"4/30/2015","FVB",127,"FV",5,TRUE,13.5,4.84418708645859,"FV",-1.5,4.87024430999601,13.4873045060944,13.4309499002545,4.85539169257968,13.4551823807656,13.4434665586406,13.0071461728198,13.8425871768968,"001",13.4273497273551,13.4780596415572,49
"176","shh_14.5_28_184_FQ","FVB",14.5,184,"FQ",0,1,0,1,0,1,"0_1_1_1","199_0_1_1_1","y",199,"184FQ",14.5,"2/26/2015","FVB",184,"FQ",5,TRUE,14.5,5.21493575760899,"FQ",-0.5,5.34288525819314,14.5094968475462,14.2327772783074,5.26995404286017,14.3517666930801,14.2878949941275,13.8781188599984,14.6803275895263,"001",14.2419641438043,14.4699788318933,175
"177","shh_14.5_29_185_FQ","FVB",14.5,185,"FQ",0,1,0,1,0,1,"0_1_1_1","199_0_1_1_1","-",199,"185FQ",14.5,"2/26/2015","FVB",185,"FQ",5,TRUE,14.5,5.22035582507832,"FQ",-0.5,5.34830532566248,14.5212189623533,14.2444993931146,5.27537411032951,14.3634888078872,14.299472491853,13.8902611075199,14.692110804256,"001",14.2537714017569,14.4818095526136,176
"178","shh_14.5_30_189_FQ","FVB",14.5,189,"FQ",0,1,0,1,0,1,"0_1_1_1","199_0_1_1_1","-",199,"189FQ",14.5,"2/26/2015","FVB",189,"FQ",5,TRUE,14.5,5.24174701505964,"FQ",-0.5,5.36969651564379,14.5674822212962,14.2907626520574,5.29676530031083,14.4097520668301,14.3456807041504,13.9378048826932,14.7388601407483,"001",14.3000490033863,14.5280813676853,178
"179","shh_14.5_31_203_FZ","FVB",14.5,203,"FZ",0,1,0,1,0,1,"0_1_1_1","199_0_1_1_1","-",199,"203FZ",NA,NA,NA,NA,NA,NA,NA,NA,NA,NA,NA,NA,NA,NA,NA,NA,NA,NA,NA,NA,NA,NA,NA
"180","shh_14.5_32_207_FZ","FVB",14.5,207,"FZ",0,1,0,1,0,1,"0_1_1_1","199_0_1_1_1","y",199,"207FZ",14.5,"5/13/2015","FVB",207,"FZ",4,TRUE,14.5,5.33271879326537,"FZ",-0.5,5.35289869861311,14.5311531643506,14.4875095808304,5.3413961525649,14.5062763217441,14.507598057171,14.0928224583177,14.9028210431793,"001",14.4823543081907,14.5245030829132,211
"181","shh_14.5_33_208_FZ","FVB",14.5,208,"FZ",0,1,0,1,0,1,"0_1_1_1","199_0_1_1_1","-",199,"208FZ",NA,NA,NA,NA,NA,NA,NA,NA,NA,NA,NA,NA,NA,NA,NA,NA,NA,NA,NA,NA,NA,NA,NA
"182","shh_14.5_34_209_FZ","FVB",14.5,209,"FZ",0,2,0,2,0,1,"0_2_2_1","325_0_2_2_1","-",325,"209FZ",14.5,"5/13/2015","FVB",209,"FZ",4,TRUE,14.5,5.34233425196481,"FZ",-0.5,5.36251415731255,14.5519487561832,14.5083051726631,5.35101161126434,14.5270719135768,14.5284380524311,14.1142432520977,14.9235073617606,"001",14.5030209894727,14.5454183969526,212
"183","shh_14.5_36_214_FZ","FVB",14.5,214,"FZ",0,2,0,2,0,1,"0_2_2_1","325_0_2_2_1","-",325,"214FZ",14.5,"5/13/2015","FVB",214,"FZ",4,TRUE,14.5,5.36597601502185,"FZ",-0.5,5.38615592036959,14.6030793855278,14.5594358020076,5.37465337432138,14.5782025429213,14.5796292109399,14.1652704923887,14.9751417456447,"001",14.5542217624477,14.5965771220403,214
"184","shh_14.5_37_226_FQ","FVB",14.5,226,"FQ",0,2,0,2,0,1,"0_2_2_1","325_0_2_2_1","y",325,"226FQ",NA,NA,NA,NA,NA,NA,NA,NA,NA,NA,NA,NA,NA,NA,NA,NA,NA,NA,NA,NA,NA,NA,NA
"185","shh_13.5_21_136_FU","FVB",13.5,136,"FU",0,0,0,0,0,1,"0_0_0_1","162_0_0_0_1","-",162,"136FU",13.5,"4/29/2015","FVB",136,"FU",4,TRUE,13.5,4.91265488573605,"FU",-1.5,4.91437957601236,13.5827569443183,13.5790269137347,4.91339650255487,13.5806308268856,13.5756871032434,13.1425447884378,13.9774601464604,"001",13.5739089881523,13.5789316291366,44
